[{"model": "alumno.carrera", "pk": "Ingenier\u00eda en Inform\u00e1tica", "fields": {"departamento": "Departamento de Inform\u00e1tica"}}, {"model": "alumno.docente", "pk": 112233, "fields": {"nombre": "Lorena", "apellido": "Baigorria", "departamento": "Departamento de Inform\u00e1tica", "mail": "lore@lore.com", "box_oficina": "1"}}, {"model": "alumno.entrevista", "pk": 1, "fields": {"alumno": 1, "empresa": 1, "fecha": "2019-03-18T11:00:00Z", "lugar": "", "resultado": null, "pasantia_aceptada": null, "comentarios_empresa": null, "comentarios_comision_pps": null, "status": "NOA"}}, {"model": "alumno.puesto", "pk": 1, "fields": {"empresa": 1, "nombre": "BE", "descripcion_actividades": "Mantener Bases de Datos", "conocimientos_requeridos": "MySQL\r\nORACLE Database", "horario": "l-v   8-18", "rentado": true}}, {"model": "alumno.puesto", "pk": 2, "fields": {"empresa": 2, "nombre": "IND", "descripcion_actividades": "De todo.", "conocimientos_requeridos": "Ninguno. Solo tener ganas de aprender.", "horario": "l-m-v  8-13", "rentado": false}}, {"model": "alumno.puesto", "pk": 3, "fields": {"empresa": 3, "nombre": "AND", "descripcion_actividades": "Desarrollo de Apps para nuestros clientes.", "conocimientos_requeridos": "Android\r\nJava 8", "horario": "l-s  9-14", "rentado": true}}, {"model": "alumno.postulacion", "pk": 1, "fields": {"puesto": 1, "alumno": 1, "entrevista": 1, "fecha": "2019-03-07"}}, {"model": "alumno.postulacion", "pk": 2, "fields": {"puesto": 2, "alumno": 1, "entrevista": null, "fecha": "2019-03-07"}}, {"model": "alumno.departamento", "pk": "Departamento de Inform\u00e1tica", "fields": {}}, {"model": "contenttypes.contenttype", "pk": 1, "fields": {"app_label": "alumno", "model": "user"}}, {"model": "contenttypes.contenttype", "pk": 2, "fields": {"app_label": "alumno", "model": "alumno"}}, {"model": "contenttypes.contenttype", "pk": 3, "fields": {"app_label": "alumno", "model": "carrera"}}, {"model": "contenttypes.contenttype", "pk": 4, "fields": {"app_label": "alumno", "model": "departamento"}}, {"model": "contenttypes.contenttype", "pk": 5, "fields": {"app_label": "alumno", "model": "directordepartamento"}}, {"model": "contenttypes.contenttype", "pk": 6, "fields": {"app_label": "alumno", "model": "docente"}}, {"model": "contenttypes.contenttype", "pk": 7, "fields": {"app_label": "alumno", "model": "empresa"}}, {"model": "contenttypes.contenttype", "pk": 8, "fields": {"app_label": "alumno", "model": "entrevista"}}, {"model": "contenttypes.contenttype", "pk": 9, "fields": {"app_label": "alumno", "model": "pasantia"}}, {"model": "contenttypes.contenttype", "pk": 10, "fields": {"app_label": "alumno", "model": "postulacion"}}, {"model": "contenttypes.contenttype", "pk": 11, "fields": {"app_label": "alumno", "model": "puesto"}}, {"model": "contenttypes.contenttype", "pk": 12, "fields": {"app_label": "alumno", "model": "subcomisioncarrera"}}, {"model": "contenttypes.contenttype", "pk": 13, "fields": {"app_label": "alumno", "model": "subcomisionpasantiaspps"}}, {"model": "contenttypes.contenttype", "pk": 14, "fields": {"app_label": "alumno", "model": "tutorempresa"}}, {"model": "contenttypes.contenttype", "pk": 15, "fields": {"app_label": "admin", "model": "logentry"}}, {"model": "contenttypes.contenttype", "pk": 16, "fields": {"app_label": "auth", "model": "permission"}}, {"model": "contenttypes.contenttype", "pk": 17, "fields": {"app_label": "auth", "model": "group"}}, {"model": "contenttypes.contenttype", "pk": 18, "fields": {"app_label": "contenttypes", "model": "contenttype"}}, {"model": "contenttypes.contenttype", "pk": 19, "fields": {"app_label": "sessions", "model": "session"}}, {"model": "sessions.session", "pk": "0iqao3yvj74egyb12qrrjb565z8snddd", "fields": {"session_data": "ZDAxZWE5YTdiODQ0MzdkZTY5MWJlNjIxYTc0ZjVmNzczMGVjMWIyYTp7Il9hdXRoX3VzZXJfaWQiOiI0IiwiX2F1dGhfdXNlcl9iYWNrZW5kIjoiZGphbmdvLmNvbnRyaWIuYXV0aC5iYWNrZW5kcy5Nb2RlbEJhY2tlbmQiLCJfYXV0aF91c2VyX2hhc2giOiIwMjVhMTUxMWRkMjU5YmI1YWY0OTdlZjRhOWFlYjExYTAzMDRkYjdhIiwibGFzdC1hY3Rpdml0eSI6IjIwMTktMDMtMTBUMjA6MzI6MjcuNDQxOTgzIn0=", "expire_date": "2019-03-24T23:32:27.488Z"}}, {"model": "auth.permission", "pk": 1, "fields": {"name": "Can add user", "content_type": 1, "codename": "add_user"}}, {"model": "auth.permission", "pk": 2, "fields": {"name": "Can change user", "content_type": 1, "codename": "change_user"}}, {"model": "auth.permission", "pk": 3, "fields": {"name": "Can delete user", "content_type": 1, "codename": "delete_user"}}, {"model": "auth.permission", "pk": 4, "fields": {"name": "Can view user", "content_type": 1, "codename": "view_user"}}, {"model": "auth.permission", "pk": 5, "fields": {"name": "Can add Alumno", "content_type": 2, "codename": "add_alumno"}}, {"model": "auth.permission", "pk": 6, "fields": {"name": "Can change Alumno", "content_type": 2, "codename": "change_alumno"}}, {"model": "auth.permission", "pk": 7, "fields": {"name": "Can delete Alumno", "content_type": 2, "codename": "delete_alumno"}}, {"model": "auth.permission", "pk": 8, "fields": {"name": "Can view Alumno", "content_type": 2, "codename": "view_alumno"}}, {"model": "auth.permission", "pk": 9, "fields": {"name": "Can add Carrera", "content_type": 3, "codename": "add_carrera"}}, {"model": "auth.permission", "pk": 10, "fields": {"name": "Can change Carrera", "content_type": 3, "codename": "change_carrera"}}, {"model": "auth.permission", "pk": 11, "fields": {"name": "Can delete Carrera", "content_type": 3, "codename": "delete_carrera"}}, {"model": "auth.permission", "pk": 12, "fields": {"name": "Can view Carrera", "content_type": 3, "codename": "view_carrera"}}, {"model": "auth.permission", "pk": 13, "fields": {"name": "Can add Departamento", "content_type": 4, "codename": "add_departamento"}}, {"model": "auth.permission", "pk": 14, "fields": {"name": "Can change Departamento", "content_type": 4, "codename": "change_departamento"}}, {"model": "auth.permission", "pk": 15, "fields": {"name": "Can delete Departamento", "content_type": 4, "codename": "delete_departamento"}}, {"model": "auth.permission", "pk": 16, "fields": {"name": "Can view Departamento", "content_type": 4, "codename": "view_departamento"}}, {"model": "auth.permission", "pk": 17, "fields": {"name": "Can add Director de Departamento", "content_type": 5, "codename": "add_directordepartamento"}}, {"model": "auth.permission", "pk": 18, "fields": {"name": "Can change Director de Departamento", "content_type": 5, "codename": "change_directordepartamento"}}, {"model": "auth.permission", "pk": 19, "fields": {"name": "Can delete Director de Departamento", "content_type": 5, "codename": "delete_directordepartamento"}}, {"model": "auth.permission", "pk": 20, "fields": {"name": "Can view Director de Departamento", "content_type": 5, "codename": "view_directordepartamento"}}, {"model": "auth.permission", "pk": 21, "fields": {"name": "Can add Docente", "content_type": 6, "codename": "add_docente"}}, {"model": "auth.permission", "pk": 22, "fields": {"name": "Can change Docente", "content_type": 6, "codename": "change_docente"}}, {"model": "auth.permission", "pk": 23, "fields": {"name": "Can delete Docente", "content_type": 6, "codename": "delete_docente"}}, {"model": "auth.permission", "pk": 24, "fields": {"name": "Can view Docente", "content_type": 6, "codename": "view_docente"}}, {"model": "auth.permission", "pk": 25, "fields": {"name": "Can add Empresa", "content_type": 7, "codename": "add_empresa"}}, {"model": "auth.permission", "pk": 26, "fields": {"name": "Can change Empresa", "content_type": 7, "codename": "change_empresa"}}, {"model": "auth.permission", "pk": 27, "fields": {"name": "Can delete Empresa", "content_type": 7, "codename": "delete_empresa"}}, {"model": "auth.permission", "pk": 28, "fields": {"name": "Can view Empresa", "content_type": 7, "codename": "view_empresa"}}, {"model": "auth.permission", "pk": 29, "fields": {"name": "Can add Entrevista", "content_type": 8, "codename": "add_entrevista"}}, {"model": "auth.permission", "pk": 30, "fields": {"name": "Can change Entrevista", "content_type": 8, "codename": "change_entrevista"}}, {"model": "auth.permission", "pk": 31, "fields": {"name": "Can delete Entrevista", "content_type": 8, "codename": "delete_entrevista"}}, {"model": "auth.permission", "pk": 32, "fields": {"name": "Can view Entrevista", "content_type": 8, "codename": "view_entrevista"}}, {"model": "auth.permission", "pk": 33, "fields": {"name": "Can add Pasantia", "content_type": 9, "codename": "add_pasantia"}}, {"model": "auth.permission", "pk": 34, "fields": {"name": "Can change Pasantia", "content_type": 9, "codename": "change_pasantia"}}, {"model": "auth.permission", "pk": 35, "fields": {"name": "Can delete Pasantia", "content_type": 9, "codename": "delete_pasantia"}}, {"model": "auth.permission", "pk": 36, "fields": {"name": "Can view Pasantia", "content_type": 9, "codename": "view_pasantia"}}, {"model": "auth.permission", "pk": 37, "fields": {"name": "Can add Postulacion", "content_type": 10, "codename": "add_postulacion"}}, {"model": "auth.permission", "pk": 38, "fields": {"name": "Can change Postulacion", "content_type": 10, "codename": "change_postulacion"}}, {"model": "auth.permission", "pk": 39, "fields": {"name": "Can delete Postulacion", "content_type": 10, "codename": "delete_postulacion"}}, {"model": "auth.permission", "pk": 40, "fields": {"name": "Can view Postulacion", "content_type": 10, "codename": "view_postulacion"}}, {"model": "auth.permission", "pk": 41, "fields": {"name": "Can add Puesto", "content_type": 11, "codename": "add_puesto"}}, {"model": "auth.permission", "pk": 42, "fields": {"name": "Can change Puesto", "content_type": 11, "codename": "change_puesto"}}, {"model": "auth.permission", "pk": 43, "fields": {"name": "Can delete Puesto", "content_type": 11, "codename": "delete_puesto"}}, {"model": "auth.permission", "pk": 44, "fields": {"name": "Can view Puesto", "content_type": 11, "codename": "view_puesto"}}, {"model": "auth.permission", "pk": 45, "fields": {"name": "Can add SubcomisionCarrera", "content_type": 12, "codename": "add_subcomisioncarrera"}}, {"model": "auth.permission", "pk": 46, "fields": {"name": "Can change SubcomisionCarrera", "content_type": 12, "codename": "change_subcomisioncarrera"}}, {"model": "auth.permission", "pk": 47, "fields": {"name": "Can delete SubcomisionCarrera", "content_type": 12, "codename": "delete_subcomisioncarrera"}}, {"model": "auth.permission", "pk": 48, "fields": {"name": "Can view SubcomisionCarrera", "content_type": 12, "codename": "view_subcomisioncarrera"}}, {"model": "auth.permission", "pk": 49, "fields": {"name": "Can add SubcomisionPasantiasPPS", "content_type": 13, "codename": "add_subcomisionpasantiaspps"}}, {"model": "auth.permission", "pk": 50, "fields": {"name": "Can change SubcomisionPasantiasPPS", "content_type": 13, "codename": "change_subcomisionpasantiaspps"}}, {"model": "auth.permission", "pk": 51, "fields": {"name": "Can delete SubcomisionPasantiasPPS", "content_type": 13, "codename": "delete_subcomisionpasantiaspps"}}, {"model": "auth.permission", "pk": 52, "fields": {"name": "Can view SubcomisionPasantiasPPS", "content_type": 13, "codename": "view_subcomisionpasantiaspps"}}, {"model": "auth.permission", "pk": 53, "fields": {"name": "Can add Tutor de Empresa", "content_type": 14, "codename": "add_tutorempresa"}}, {"model": "auth.permission", "pk": 54, "fields": {"name": "Can change Tutor de Empresa", "content_type": 14, "codename": "change_tutorempresa"}}, {"model": "auth.permission", "pk": 55, "fields": {"name": "Can delete Tutor de Empresa", "content_type": 14, "codename": "delete_tutorempresa"}}, {"model": "auth.permission", "pk": 56, "fields": {"name": "Can view Tutor de Empresa", "content_type": 14, "codename": "view_tutorempresa"}}, {"model": "auth.permission", "pk": 57, "fields": {"name": "Can add log entry", "content_type": 15, "codename": "add_logentry"}}, {"model": "auth.permission", "pk": 58, "fields": {"name": "Can change log entry", "content_type": 15, "codename": "change_logentry"}}, {"model": "auth.permission", "pk": 59, "fields": {"name": "Can delete log entry", "content_type": 15, "codename": "delete_logentry"}}, {"model": "auth.permission", "pk": 60, "fields": {"name": "Can view log entry", "content_type": 15, "codename": "view_logentry"}}, {"model": "auth.permission", "pk": 61, "fields": {"name": "Can add permission", "content_type": 16, "codename": "add_permission"}}, {"model": "auth.permission", "pk": 62, "fields": {"name": "Can change permission", "content_type": 16, "codename": "change_permission"}}, {"model": "auth.permission", "pk": 63, "fields": {"name": "Can delete permission", "content_type": 16, "codename": "delete_permission"}}, {"model": "auth.permission", "pk": 64, "fields": {"name": "Can view permission", "content_type": 16, "codename": "view_permission"}}, {"model": "auth.permission", "pk": 65, "fields": {"name": "Can add group", "content_type": 17, "codename": "add_group"}}, {"model": "auth.permission", "pk": 66, "fields": {"name": "Can change group", "content_type": 17, "codename": "change_group"}}, {"model": "auth.permission", "pk": 67, "fields": {"name": "Can delete group", "content_type": 17, "codename": "delete_group"}}, {"model": "auth.permission", "pk": 68, "fields": {"name": "Can view group", "content_type": 17, "codename": "view_group"}}, {"model": "auth.permission", "pk": 69, "fields": {"name": "Can add content type", "content_type": 18, "codename": "add_contenttype"}}, {"model": "auth.permission", "pk": 70, "fields": {"name": "Can change content type", "content_type": 18, "codename": "change_contenttype"}}, {"model": "auth.permission", "pk": 71, "fields": {"name": "Can delete content type", "content_type": 18, "codename": "delete_contenttype"}}, {"model": "auth.permission", "pk": 72, "fields": {"name": "Can view content type", "content_type": 18, "codename": "view_contenttype"}}, {"model": "auth.permission", "pk": 73, "fields": {"name": "Can add session", "content_type": 19, "codename": "add_session"}}, {"model": "auth.permission", "pk": 74, "fields": {"name": "Can change session", "content_type": 19, "codename": "change_session"}}, {"model": "auth.permission", "pk": 75, "fields": {"name": "Can delete session", "content_type": 19, "codename": "delete_session"}}, {"model": "auth.permission", "pk": 76, "fields": {"name": "Can view session", "content_type": 19, "codename": "view_session"}}, {"model": "alumno.user", "pk": 1, "fields": {"password": "pbkdf2_sha256$120000$ihmJrwI6UqL7$xdlr3n9eGTsOHJjRrcQYYQRTVC1IdDP3LHAKyZvF5lw=", "last_login": "2019-03-08T01:40:04.718Z", "is_superuser": true, "username": "admin", "first_name": "", "last_name": "", "email": "admin@admin.com", "is_staff": true, "is_active": true, "date_joined": "2019-03-08T00:16:27.083Z", "tipo": "AL", "groups": [], "user_permissions": []}}, {"model": "alumno.user", "pk": 2, "fields": {"password": "pbkdf2_sha256$120000$9qa9pGSCQdQT$Wdd8P2NL2g/eOq4dlqlvoqLe093ic1gKHyyh0wzL5sU=", "last_login": "2019-03-08T01:32:59.795Z", "is_superuser": false, "username": "juan-zini", "first_name": "Juan Antonio", "last_name": "Zini", "email": "juanzini@hotmail.com", "is_staff": false, "is_active": true, "date_joined": "2019-03-08T00:36:20.331Z", "tipo": "AL", "groups": [], "user_permissions": []}}, {"model": "alumno.user", "pk": 3, "fields": {"password": "pbkdf2_sha256$120000$OPtLvQ6G6UGw$gfz6z434k5AOly5GFN/iFXQJ++CzyH+/p/bYLBk7nGo=", "last_login": "2019-03-08T00:39:05.432Z", "is_superuser": false, "username": "gaston-zini", "first_name": "Gast\u00f3n Augusto", "last_name": "Zini", "email": "juanzini@gmail.com", "is_staff": false, "is_active": true, "date_joined": "2019-03-08T00:38:07.996Z", "tipo": "AL", "groups": [], "user_permissions": []}}, {"model": "alumno.user", "pk": 4, "fields": {"password": "pbkdf2_sha256$120000$RkjBA4AoQJv8$RSGvjDa5usnuKtyMWxtj/hVkqG+0GicVj+hKb6jvFLY=", "last_login": "2019-03-10T23:32:27.112Z", "is_superuser": false, "username": "Raona", "first_name": "Raona", "last_name": "S. A.", "email": "hello@raona.com", "is_staff": false, "is_active": true, "date_joined": "2019-03-08T00:48:20.397Z", "tipo": "EM", "groups": [], "user_permissions": []}}, {"model": "alumno.user", "pk": 5, "fields": {"password": "pbkdf2_sha256$120000$pdunQsQVJItu$138LnG/imbTMGQIK6W8pC6CQgdQWc9Qqxecqsnk0Chg=", "last_login": null, "is_superuser": false, "username": "BeClever", "first_name": "be", "last_name": "clever", "email": "info@beclever.com.ar", "is_staff": false, "is_active": true, "date_joined": "2019-03-08T00:53:35.637Z", "tipo": "EM", "groups": [], "user_permissions": []}}, {"model": "alumno.user", "pk": 6, "fields": {"password": "pbkdf2_sha256$120000$KPmTpiGQFHld$BZTg2vZUTDQR1RcfIvWGeJan9bT3fSCM0nNGr1J5cKk=", "last_login": null, "is_superuser": false, "username": "GPFSoluciones", "first_name": "GPF", "last_name": "Soluciones", "email": "gpf@soluciones.com", "is_staff": false, "is_active": true, "date_joined": "2019-03-08T00:56:05.749Z", "tipo": "EM", "groups": [], "user_permissions": []}}, {"model": "alumno.user", "pk": 7, "fields": {"password": "pbkdf2_sha256$120000$nMhGfFivbRtW$nImt5MYXFWePGu6ZgfRIj/KgvMA5ijRbwwIY1VX6m8g=", "last_login": null, "is_superuser": false, "username": "MercadoLibre", "first_name": "MercadoLibre", "last_name": "S. A.", "email": "mercadolibre@mercadolibre.com", "is_staff": false, "is_active": true, "date_joined": "2019-03-08T00:59:47.911Z", "tipo": "EM", "groups": [], "user_permissions": []}}, {"model": "alumno.user", "pk": 8, "fields": {"password": "pbkdf2_sha256$120000$cAGeneSnt1t7$y7k4OBuwE8hX5zxchhQOBYkFcT79ofLLRyMYBmZyaac=", "last_login": null, "is_superuser": false, "username": "Unitech", "first_name": "Unitech", "last_name": "S. A.", "email": "seleccion@unitech.com.ar", "is_staff": false, "is_active": true, "date_joined": "2019-03-08T01:02:18.906Z", "tipo": "EM", "groups": [], "user_permissions": []}}, {"model": "alumno.user", "pk": 9, "fields": {"password": "pbkdf2_sha256$120000$sCd2EODuChqw$xz6co3Pwp3jTBNUr5lZ2nIxH1pik+ERTK41lUuJFVX0=", "last_login": null, "is_superuser": false, "username": "AlasIT", "first_name": "Alas", "last_name": "IT", "email": "alas@it.com", "is_staff": false, "is_active": true, "date_joined": "2019-03-08T01:05:12.885Z", "tipo": "EM", "groups": [], "user_permissions": []}}, {"model": "alumno.user", "pk": 10, "fields": {"password": "pbkdf2_sha256$120000$a1595ABRu06E$z6XI5Oi17w8Y02UBEyrvi30NML6UDKll9oqXWWMBHw0=", "last_login": null, "is_superuser": false, "username": "Inworx", "first_name": "Inworx", "last_name": "S. A.", "email": "busqudaslaborales@inworx.com", "is_staff": false, "is_active": true, "date_joined": "2019-03-08T01:07:55.502Z", "tipo": "EM", "groups": [], "user_permissions": []}}, {"model": "alumno.user", "pk": 11, "fields": {"password": "pbkdf2_sha256$120000$fAfJu4aCtQ2c$+Cx6wGuz24fc3Z8zY+ABsfN1BnuHunuatm0yQE9tvX4=", "last_login": null, "is_superuser": false, "username": "Arido", "first_name": "Arido", "last_name": "Software", "email": "info@aridosoftware.com", "is_staff": false, "is_active": true, "date_joined": "2019-03-08T01:11:10.769Z", "tipo": "EM", "groups": [], "user_permissions": []}}, {"model": "alumno.user", "pk": 12, "fields": {"password": "pbkdf2_sha256$120000$aKgrcutRFtyh$V+u+m2QwqzgzBIgugE4+XOAhR+/YdX6N44rjeFL6WK8=", "last_login": null, "is_superuser": false, "username": "ASDS", "first_name": "Al Sur", "last_name": "Del Sur", "email": "asds@alsurdelsur.com", "is_staff": false, "is_active": true, "date_joined": "2019-03-08T01:19:37.508Z", "tipo": "EM", "groups": [], "user_permissions": []}}, {"model": "alumno.user", "pk": 13, "fields": {"password": "pbkdf2_sha256$120000$8Dge92BvzQDy$GXN7LIyOn7O2sH7ubMtAba9l3xhcawCX14sFhzK+aiQ=", "last_login": null, "is_superuser": false, "username": "RunaID", "first_name": "Runa", "last_name": "ID", "email": "info@runaid.com.ar", "is_staff": false, "is_active": true, "date_joined": "2019-03-08T01:20:55.283Z", "tipo": "EM", "groups": [], "user_permissions": []}}, {"model": "alumno.user", "pk": 14, "fields": {"password": "pbkdf2_sha256$120000$E0HgpIk14qX6$nt1wlnfsFD4jVNNFPKo75KeIOudVsab1V6LBvpQgZko=", "last_login": null, "is_superuser": false, "username": "CAT", "first_name": "CAT", "last_name": "S. A.", "email": "seleccion@cat-technologies.com", "is_staff": false, "is_active": true, "date_joined": "2019-03-08T01:24:08.297Z", "tipo": "EM", "groups": [], "user_permissions": []}}, {"model": "alumno.user", "pk": 15, "fields": {"password": "pbkdf2_sha256$120000$EquCAIpvBsLd$TJZhE2g6LRlrm06bI2s5ezrlIkX02ksTcpWzmyz1BaQ=", "last_login": null, "is_superuser": false, "username": "Coradir", "first_name": "Coradir", "last_name": "S. A.", "email": "info@coradir.com.ar", "is_staff": false, "is_active": true, "date_joined": "2019-03-08T01:25:34.127Z", "tipo": "EM", "groups": [], "user_permissions": []}}, {"model": "alumno.user", "pk": 16, "fields": {"password": "pbkdf2_sha256$120000$0BxbVGiX9loz$F2VsxtUhEo3y+EuDjEGyyG06IQxNE9swCeMCtBwUF+k=", "last_login": null, "is_superuser": false, "username": "sub-comision-pasantias", "first_name": "Sub-Comision", "last_name": "Pasant\u00edas", "email": "subcomision@pasantias.com", "is_staff": false, "is_active": true, "date_joined": "2019-03-08T01:40:51.135Z", "tipo": "CP", "groups": [], "user_permissions": []}}, {"model": "alumno.user", "pk": 17, "fields": {"password": "pbkdf2_sha256$120000$Ln11G0WGwXNl$dN2CQifV84npiIyyJhR4xSF7fAzOwfhcgiJGmNdD1fw=", "last_login": "2019-03-08T01:43:51.897Z", "is_superuser": false, "username": "sub-comision-ing-inf", "first_name": "sub", "last_name": "comision", "email": "sub_comision@inginf.com", "is_staff": false, "is_active": true, "date_joined": "2019-03-08T01:43:13.960Z", "tipo": "CC", "groups": [], "user_permissions": []}}, {"model": "alumno.alumno", "pk": 1, "fields": {"numero_registro": 3024212, "carrera": "Ingenier\u00eda en Inform\u00e1tica", "curriculum": "curriculum-juan-zini-curriculum.pdf", "plan_de_estudio": "plan-juan-zini-plan_L4fMSCF.pdf", "descripcion_intereses": "Me interesa mucho trabajar con Bases de Datos.", "descripcion_habilidades": "Hago muy ricos mates!!", "ultima_actualizacion_perfil": "2019-03-07", "ultima_postulacion": null, "condicion_acreditacion": true, "expedicion_acreditacion": "", "comentarios_comision_carrera": "", "comentarios_carrera_visibles": false, "comentarios_comision_pps": "", "user": 2}}, {"model": "alumno.alumno", "pk": 2, "fields": {"numero_registro": 3024213, "carrera": "Ingenier\u00eda en Inform\u00e1tica", "curriculum": "curriculum-gaston-zini-curriculum.pdf", "plan_de_estudio": "plan-gaston-zini-plan.pdf", "descripcion_intereses": "Nada", "descripcion_habilidades": "Nada", "ultima_actualizacion_perfil": "2019-03-07", "ultima_postulacion": null, "condicion_acreditacion": null, "expedicion_acreditacion": null, "comentarios_comision_carrera": null, "comentarios_carrera_visibles": false, "comentarios_comision_pps": null, "user": 3}}, {"model": "alumno.subcomisioncarrera", "pk": 1, "fields": {"carrera": "Ingenier\u00eda en Inform\u00e1tica", "user": 17, "docente": [112233]}}, {"model": "alumno.subcomisionpasantiaspps", "pk": 1, "fields": {"departamento": "Departamento de Inform\u00e1tica", "user": 16, "docente": [112233]}}, {"model": "alumno.empresa", "pk": 1, "fields": {"descripcion": "En Raona nos definimos como exploradores tecnol\u00f3gicos. Estamos continuamente buscando las \u00faltimas soluciones y tendencias para poder ir siempre un paso por delante. Porque nos apasiona la tecnolog\u00eda, no tememos la innovaci\u00f3n y queremos llevar a cabo proyectos que sorprendan e inspiren a nuestros clientes.", "url": "https://www.raona.com/#personality", "logo": "logo-Raona-Raona.jpg", "departamento": "Departamento de Inform\u00e1tica", "user": 4}}, {"model": "alumno.empresa", "pk": 2, "fields": {"descripcion": "Clever Origination\u00ae es una herramienta eficiente plasmada en un workflow interactivo que le brinda a las empresa el soporte necesario para la originaci\u00f3n de cualquier tipo de operaci\u00f3n, especialmente de clientes y cr\u00e9ditos.", "url": "http://www.beclever.com.ar/index.php", "logo": "logo-BeClever-BeCleaver.jpg", "departamento": "Departamento de Inform\u00e1tica", "user": 5}}, {"model": "alumno.empresa", "pk": 3, "fields": {"descripcion": "La filosof\u00eda de GPF Soluciones se basa en la generaci\u00f3n de un aporte metodol\u00f3gico diferencial para la \u00f3ptima gesti\u00f3n del conocimiento y la calidad de la empresa. Este aporte es posible gracias a muchos a\u00f1os de experiencia en el \u00e1rea, la aplicaci\u00f3n de una metodolog\u00eda (Framework) al servicio de cada organizaci\u00f3n y las acciones de un equipo con formaci\u00f3n interdisciplinaria.", "url": "http://gpf-soluciones.com.ar/", "logo": "logo-GPFSoluciones-GPFSoluciones.jpg", "departamento": "Departamento de Inform\u00e1tica", "user": 6}}, {"model": "alumno.empresa", "pk": 4, "fields": {"descripcion": "Somos la compa\u00f1\u00eda tecnol\u00f3gica de comercio electr\u00f3nico l\u00edder de Am\u00e9rica Latina y nuestro prop\u00f3sito es democratizar el comercio y el dinero para impactar en el desarrollo de la regi\u00f3n.\r\n\r\nNacimos en 1999 y actualmente operamos en 19 pa\u00edses de la regi\u00f3n. En pocos a\u00f1os, logramos convertirnos en  la s\u00e9ptima plataforma de comercio electr\u00f3nico del mundo.\r\n\r\nA trav\u00e9s de nuestro ecosistema completo compuesto por Mercado Pago, Mercado Shops, Mercado Libre Publicidad y Mercado Env\u00edos, ofrecemos soluciones para que individuos y empresas puedan comprar, vender, anunciar, enviar y pagar por bienes y servicios por Internet. En 2017 lanzamos Mercado Cr\u00e9dito, orientada a democratizar el acceso al cr\u00e9dito y potenciar la inclusi\u00f3n financiera.", "url": "http://www.mercadolibre.com.ar", "logo": "logo-MercadoLibre-MercadoLibre_H7YrtpO.jpg", "departamento": "Departamento de Inform\u00e1tica", "user": 7}}, {"model": "alumno.empresa", "pk": 5, "fields": {"descripcion": "Somos expertos en transformaci\u00f3n digital.\r\n\r\nImplementamos tecnolog\u00eda de avanzada para lograr organizaciones m\u00e1s inteligentes.\r\n\r\nNos dedicamos a la construcci\u00f3n e integraci\u00f3n de soluciones digitales, tanto para el \u00e1mbito p\u00fablico como el privado.", "url": "http://unitech.com.ar", "logo": "logo-Unitech-Unitech.jpg", "departamento": "Departamento de Inform\u00e1tica", "user": 8}}, {"model": "alumno.empresa", "pk": 6, "fields": {"descripcion": "Somos una firma dedicada al desarrollo de aplicaciones web para comercio electr\u00f3nico ubicados en el Parque Inform\u00e1tico La Punta. Nuestro objetivo es crecer en San Luis con recursos humanos formados en la provincia, aprovechando las posibilidades que ofrece en materia de formaci\u00f3n profesional.", "url": "http://www.alasit.com", "logo": "logo-AlasIT-AlasIT.jpg", "departamento": "Departamento de Inform\u00e1tica", "user": 9}}, {"model": "alumno.empresa", "pk": 7, "fields": {"descripcion": "We Solve.\r\n\r\nOptimizamos la comunicaci\u00f3n y la gesti\u00f3n entre los actores de la industria del seguro a trav\u00e9s de la tecnolog\u00eda para incentivar el desarrollo econ\u00f3mico responsable y mejorar la calidad de vida de la gente.", "url": "http://www.inworx.com", "logo": "logo-Inworx-Inwork.jpg", "departamento": "Departamento de Inform\u00e1tica", "user": 10}}, {"model": "alumno.empresa", "pk": 8, "fields": {"descripcion": "Nuestra compa\u00f1\u00eda se enfoca en la implementaci\u00f3n de aplicaciones MES, trabajando junto con General Electric como socio estrat\u00e9gico en el desarrollo, implementaci\u00f3n e innovaci\u00f3n de la suite Proficy.\r\n\r\n\r\nComo sistema de software Work Process Management, Proficy Workflow permite a los usuarios avanzados y expertos en dominios digitalizar procesos manuales y automatizados con una sola herramienta: el proceso de captura, la trazabilidad y la calidad de los datos en todos los sistemas para reducir errores, desperdicios y demoras. \r\nPuede administrar por excepci\u00f3n, organizar la producci\u00f3n y lograr resultados basados \u200b\u200ben eventos y basados \u200b\u200ben datos.", "url": "http://www.aridosoftware.com/", "logo": "logo-Arido-Arido.jpg", "departamento": "Departamento de Inform\u00e1tica", "user": 11}}, {"model": "alumno.empresa", "pk": 9, "fields": {"descripcion": "AlSurdelSur es una empresa argentina de producci\u00f3n de software, hardware e integraci\u00f3n de sistemas. La investigaci\u00f3n y el desarrollo de la rob\u00f3tica es una de nuestras actividades principales y prioritarias, tanto en el campo de la electromedicina, laboratorios medicinales y sistemas de distribuci\u00f3n comercial. El desarrollo de estructuras Web based, la captura, tratamiento y administraci\u00f3n de im\u00e1genes, el desarrollo de Work Flows, el dise\u00f1o, poblaci\u00f3n y cruzamiento de bases de datos, la auditor\u00eda de medios, la automaci\u00f3n de maquinarias y procesos de producci\u00f3n y el dise\u00f1o y desarrollo de maquinas, son algunos de los servicios en los que venimos trabajando. \r\n\r\nEn ASDS hacemos que las ideas funcionen!", "url": "http://www.alsurdelsur.com", "logo": "logo-ASDS-AlSurDelSur.jpg", "departamento": "Departamento de Inform\u00e1tica", "user": 12}}, {"model": "alumno.empresa", "pk": 10, "fields": {"descripcion": "Hacemos foco en la gesti\u00f3n de los datos de los individuos. Nos adaptamos al perfil particular de cada cliente y le ofrecemos, adem\u00e1s de la mejor tecnolog\u00eda del mercado, un grupo de profesionales id\u00f3neos tanto en el mejoramiento de los procesos organizacionales como en la adaptaci\u00f3n de las tecnolog\u00edas a estos procesos.\r\n\r\nEste enfoque nos permite ofrecer nuestros servicios a una gran variedad de organizaciones que necesiten manipular distintos datos de individuos para sus procesos en particular", "url": "http://www.runaid.com.ar", "logo": "logo-RunaID-RunaID.jpg", "departamento": "Departamento de Inform\u00e1tica", "user": 13}}, {"model": "alumno.empresa", "pk": 11, "fields": {"descripcion": "Somos una compa\u00f1\u00eda l\u00edder en  Contact Center, Customer Experience y Business Process Outsourcing (BPO) .\r\n\r\nOfrecemos servicios de clase mundial a empresas nacionales e internacionales del \u201cFortune Top 500\u201d.\r\n\r\nConstruimos relaciones a largo plazo con nuestros Clientes y generamos experiencias positivas con sus consumidores a trav\u00e9s de m\u00faltiples canales.\r\n\r\nEstamos presentes en Latinoam\u00e9rica, Norte Am\u00e9rica y Europa.", "url": "https://cat-technologies.com/", "logo": "logo-CAT-Cat.jpg", "departamento": "Departamento de Inform\u00e1tica", "user": 14}}, {"model": "alumno.empresa", "pk": 12, "fields": {"descripcion": "Desde el a\u00f1o 1995, es una empresa argentina dedicada al desarrollo de equipos electr\u00f3nicos e inform\u00e1ticos, venta de servicios de Internet, integraci\u00f3n de sistemas y desarrollo de software a medida.\r\n\r\nFundada en la ciudad de San Luis por empresarios argentinos y capitales nacionales. Nuestra empresa se focaliz\u00f3 en los sectores P\u00fablico y Corporativo, lo que nos ha posicionado como un referente indiscutido en este segmento. Trabajamos especialmente con el gobierno nacional y los distintos gobiernos provinciales, benefici\u00e1ndonos de aquellas pol\u00edticas correctamente implementadas para los sectores en los que trabajamos. La amplia cartera de clientes es la muestra del compromiso y seriedad con el que trabajamos d\u00eda a d\u00eda.", "url": "http://coradir.com.ar", "logo": "logo-Coradir-Coradir.jpg", "departamento": "Departamento de Inform\u00e1tica", "user": 15}}, {"model": "admin.logentry", "pk": 1, "fields": {"action_time": "2019-03-08T00:21:28.789Z", "user": 1, "content_type": 4, "object_id": "Departamento de Inform\u00e1tica", "object_repr": "Departamento de Inform\u00e1tica", "action_flag": 1, "change_message": "[{\"added\": {}}]"}}, {"model": "admin.logentry", "pk": 2, "fields": {"action_time": "2019-03-08T00:21:43.137Z", "user": 1, "content_type": 3, "object_id": "Ingenier\u00eda en Inform\u00e1tica", "object_repr": "Ingenier\u00eda en Inform\u00e1tica: Departamento de Inform\u00e1tica", "action_flag": 1, "change_message": "[{\"added\": {}}]"}}, {"model": "admin.logentry", "pk": 3, "fields": {"action_time": "2019-03-08T00:48:20.488Z", "user": 1, "content_type": 1, "object_id": "4", "object_repr": "raona", "action_flag": 1, "change_message": "[{\"added\": {}}]"}}, {"model": "admin.logentry", "pk": 4, "fields": {"action_time": "2019-03-08T00:48:27.108Z", "user": 1, "content_type": 7, "object_id": "1", "object_repr": "raona", "action_flag": 1, "change_message": "[{\"added\": {}}]"}}, {"model": "admin.logentry", "pk": 5, "fields": {"action_time": "2019-03-08T00:48:41.323Z", "user": 1, "content_type": 1, "object_id": "4", "object_repr": "Raona", "action_flag": 2, "change_message": "[{\"changed\": {\"fields\": [\"username\"]}}]"}}, {"model": "admin.logentry", "pk": 6, "fields": {"action_time": "2019-03-08T00:48:43.676Z", "user": 1, "content_type": 7, "object_id": "1", "object_repr": "Raona", "action_flag": 2, "change_message": "[]"}}, {"model": "admin.logentry", "pk": 7, "fields": {"action_time": "2019-03-08T00:53:35.745Z", "user": 1, "content_type": 1, "object_id": "5", "object_repr": "BeClever", "action_flag": 1, "change_message": "[{\"added\": {}}]"}}, {"model": "admin.logentry", "pk": 8, "fields": {"action_time": "2019-03-08T00:54:03.369Z", "user": 1, "content_type": 7, "object_id": "2", "object_repr": "BeClever", "action_flag": 1, "change_message": "[{\"added\": {}}]"}}, {"model": "admin.logentry", "pk": 9, "fields": {"action_time": "2019-03-08T00:56:05.838Z", "user": 1, "content_type": 1, "object_id": "6", "object_repr": "GPFSoluciones", "action_flag": 1, "change_message": "[{\"added\": {}}]"}}, {"model": "admin.logentry", "pk": 10, "fields": {"action_time": "2019-03-08T00:56:09.022Z", "user": 1, "content_type": 7, "object_id": "3", "object_repr": "GPFSoluciones", "action_flag": 1, "change_message": "[{\"added\": {}}]"}}, {"model": "admin.logentry", "pk": 11, "fields": {"action_time": "2019-03-08T00:59:48.022Z", "user": 1, "content_type": 1, "object_id": "7", "object_repr": "MercadoLibre", "action_flag": 1, "change_message": "[{\"added\": {}}]"}}, {"model": "admin.logentry", "pk": 12, "fields": {"action_time": "2019-03-08T00:59:50.824Z", "user": 1, "content_type": 7, "object_id": "4", "object_repr": "MercadoLibre", "action_flag": 1, "change_message": "[{\"added\": {}}]"}}, {"model": "admin.logentry", "pk": 13, "fields": {"action_time": "2019-03-08T01:02:18.997Z", "user": 1, "content_type": 1, "object_id": "8", "object_repr": "Unitech", "action_flag": 1, "change_message": "[{\"added\": {}}]"}}, {"model": "admin.logentry", "pk": 14, "fields": {"action_time": "2019-03-08T01:02:23.468Z", "user": 1, "content_type": 7, "object_id": "5", "object_repr": "Unitech", "action_flag": 1, "change_message": "[{\"added\": {}}]"}}, {"model": "admin.logentry", "pk": 15, "fields": {"action_time": "2019-03-08T01:05:12.975Z", "user": 1, "content_type": 1, "object_id": "9", "object_repr": "AlasIT", "action_flag": 1, "change_message": "[{\"added\": {}}]"}}, {"model": "admin.logentry", "pk": 16, "fields": {"action_time": "2019-03-08T01:05:15.306Z", "user": 1, "content_type": 7, "object_id": "6", "object_repr": "AlasIT", "action_flag": 1, "change_message": "[{\"added\": {}}]"}}, {"model": "admin.logentry", "pk": 17, "fields": {"action_time": "2019-03-08T01:07:55.593Z", "user": 1, "content_type": 1, "object_id": "10", "object_repr": "Inworx", "action_flag": 1, "change_message": "[{\"added\": {}}]"}}, {"model": "admin.logentry", "pk": 18, "fields": {"action_time": "2019-03-08T01:07:58.683Z", "user": 1, "content_type": 7, "object_id": "7", "object_repr": "Inworx", "action_flag": 1, "change_message": "[{\"added\": {}}]"}}, {"model": "admin.logentry", "pk": 19, "fields": {"action_time": "2019-03-08T01:11:10.859Z", "user": 1, "content_type": 1, "object_id": "11", "object_repr": "Arido", "action_flag": 1, "change_message": "[{\"added\": {}}]"}}, {"model": "admin.logentry", "pk": 20, "fields": {"action_time": "2019-03-08T01:11:16.674Z", "user": 1, "content_type": 7, "object_id": "8", "object_repr": "Arido", "action_flag": 1, "change_message": "[{\"added\": {}}]"}}, {"model": "admin.logentry", "pk": 21, "fields": {"action_time": "2019-03-08T01:14:33.657Z", "user": 1, "content_type": 7, "object_id": "2", "object_repr": "BeClever", "action_flag": 2, "change_message": "[{\"changed\": {\"fields\": [\"logo\"]}}]"}}, {"model": "admin.logentry", "pk": 22, "fields": {"action_time": "2019-03-08T01:14:50.153Z", "user": 1, "content_type": 7, "object_id": "1", "object_repr": "Raona", "action_flag": 2, "change_message": "[{\"changed\": {\"fields\": [\"logo\"]}}]"}}, {"model": "admin.logentry", "pk": 23, "fields": {"action_time": "2019-03-08T01:19:37.613Z", "user": 1, "content_type": 1, "object_id": "12", "object_repr": "ASDS", "action_flag": 1, "change_message": "[{\"added\": {}}]"}}, {"model": "admin.logentry", "pk": 24, "fields": {"action_time": "2019-03-08T01:19:42.359Z", "user": 1, "content_type": 7, "object_id": "9", "object_repr": "ASDS", "action_flag": 1, "change_message": "[{\"added\": {}}]"}}, {"model": "admin.logentry", "pk": 25, "fields": {"action_time": "2019-03-08T01:19:56.100Z", "user": 1, "content_type": 7, "object_id": "3", "object_repr": "GPFSoluciones", "action_flag": 2, "change_message": "[{\"changed\": {\"fields\": [\"logo\"]}}]"}}, {"model": "admin.logentry", "pk": 26, "fields": {"action_time": "2019-03-08T01:20:55.373Z", "user": 1, "content_type": 1, "object_id": "13", "object_repr": "RunaID", "action_flag": 1, "change_message": "[{\"added\": {}}]"}}, {"model": "admin.logentry", "pk": 27, "fields": {"action_time": "2019-03-08T01:20:57.414Z", "user": 1, "content_type": 7, "object_id": "10", "object_repr": "RunaID", "action_flag": 1, "change_message": "[{\"added\": {}}]"}}, {"model": "admin.logentry", "pk": 28, "fields": {"action_time": "2019-03-08T01:24:08.414Z", "user": 1, "content_type": 1, "object_id": "14", "object_repr": "CAT", "action_flag": 1, "change_message": "[{\"added\": {}}]"}}, {"model": "admin.logentry", "pk": 29, "fields": {"action_time": "2019-03-08T01:24:21.289Z", "user": 1, "content_type": 7, "object_id": "11", "object_repr": "CAT", "action_flag": 1, "change_message": "[{\"added\": {}}]"}}, {"model": "admin.logentry", "pk": 30, "fields": {"action_time": "2019-03-08T01:25:34.217Z", "user": 1, "content_type": 1, "object_id": "15", "object_repr": "Coradir", "action_flag": 1, "change_message": "[{\"added\": {}}]"}}, {"model": "admin.logentry", "pk": 31, "fields": {"action_time": "2019-03-08T01:25:36.397Z", "user": 1, "content_type": 7, "object_id": "12", "object_repr": "Coradir", "action_flag": 1, "change_message": "[{\"added\": {}}]"}}, {"model": "admin.logentry", "pk": 32, "fields": {"action_time": "2019-03-08T01:26:01.815Z", "user": 1, "content_type": 7, "object_id": "4", "object_repr": "MercadoLibre", "action_flag": 2, "change_message": "[{\"changed\": {\"fields\": [\"logo\"]}}]"}}, {"model": "admin.logentry", "pk": 33, "fields": {"action_time": "2019-03-08T01:26:13.452Z", "user": 1, "content_type": 7, "object_id": "5", "object_repr": "Unitech", "action_flag": 2, "change_message": "[{\"changed\": {\"fields\": [\"logo\"]}}]"}}, {"model": "admin.logentry", "pk": 34, "fields": {"action_time": "2019-03-08T01:27:29.778Z", "user": 1, "content_type": 1, "object_id": "7", "object_repr": "MercadoLibre", "action_flag": 2, "change_message": "[{\"changed\": {\"fields\": [\"last_name\"]}}]"}}, {"model": "admin.logentry", "pk": 35, "fields": {"action_time": "2019-03-08T01:27:32.395Z", "user": 1, "content_type": 7, "object_id": "4", "object_repr": "MercadoLibre", "action_flag": 2, "change_message": "[]"}}, {"model": "admin.logentry", "pk": 36, "fields": {"action_time": "2019-03-08T01:27:54.531Z", "user": 1, "content_type": 1, "object_id": "4", "object_repr": "Raona", "action_flag": 2, "change_message": "[{\"changed\": {\"fields\": [\"last_name\"]}}]"}}, {"model": "admin.logentry", "pk": 37, "fields": {"action_time": "2019-03-08T01:27:58.579Z", "user": 1, "content_type": 7, "object_id": "1", "object_repr": "Raona", "action_flag": 2, "change_message": "[]"}}, {"model": "admin.logentry", "pk": 38, "fields": {"action_time": "2019-03-08T01:29:42.491Z", "user": 1, "content_type": 11, "object_id": "1", "object_repr": "Raona BE", "action_flag": 1, "change_message": "[{\"added\": {}}]"}}, {"model": "admin.logentry", "pk": 39, "fields": {"action_time": "2019-03-08T01:30:24.916Z", "user": 1, "content_type": 11, "object_id": "2", "object_repr": "BeClever IND", "action_flag": 1, "change_message": "[{\"added\": {}}]"}}, {"model": "admin.logentry", "pk": 40, "fields": {"action_time": "2019-03-08T01:31:17.911Z", "user": 1, "content_type": 11, "object_id": "3", "object_repr": "GPFSoluciones AND", "action_flag": 1, "change_message": "[{\"added\": {}}]"}}, {"model": "admin.logentry", "pk": 41, "fields": {"action_time": "2019-03-08T01:40:51.225Z", "user": 1, "content_type": 1, "object_id": "16", "object_repr": "sub-comision-pasantias", "action_flag": 1, "change_message": "[{\"added\": {}}]"}}, {"model": "admin.logentry", "pk": 42, "fields": {"action_time": "2019-03-08T01:41:51.449Z", "user": 1, "content_type": 6, "object_id": "112233", "object_repr": "Lorena Baigorria", "action_flag": 1, "change_message": "[{\"added\": {}}]"}}, {"model": "admin.logentry", "pk": 43, "fields": {"action_time": "2019-03-08T01:41:54.916Z", "user": 1, "content_type": 13, "object_id": "1", "object_repr": "SubcomisionPasantias Departamento de Inform\u00e1tica", "action_flag": 1, "change_message": "[{\"added\": {}}]"}}, {"model": "admin.logentry", "pk": 44, "fields": {"action_time": "2019-03-08T01:43:14.051Z", "user": 1, "content_type": 1, "object_id": "17", "object_repr": "sub-comision-ing-inf", "action_flag": 1, "change_message": "[{\"added\": {}}]"}}, {"model": "admin.logentry", "pk": 45, "fields": {"action_time": "2019-03-08T01:43:19.616Z", "user": 1, "content_type": 12, "object_id": "1", "object_repr": "SubcomisionCarrera Ingenier\u00eda en Inform\u00e1tica: Departamento de Inform\u00e1tica", "action_flag": 1, "change_message": "[{\"added\": {}}]"}}]